<?xml version="1.0" encoding="UTF-8"?>
<hibernate-configuration>
    <session-factory>
        <property name="connection.driver_class">com.mysql.cj.jdbc.Driver</property>
        <property name="connection.url">jdbc:mysql://localhost:3306/bookstore</property>
        <property name="connection.username">root</property>
        <property name="connection.password"></property>
        <property name="show_sql">true</property>
        <mapping class="dao.Livro"/>
        <mapping class="dao.Editora"/>
        <mapping class="dao.Autor"/>
    </session-factory>
</hibernate-configuration>